<DATA>

	<ROW>
		<employee_id>1</employee_id>
		<employee_name>Merkys Santiago</employee_name>
		<address>100 Goat Avenue, Stroudsburg PA 18360</address>
		<email>merkys.santiago@gmail.com</email>
		<phone_number>570-134-0987</phone_number>
		<hire_date>2014-10-20</hire_date>
		<salary>NULL</salary>
		<manager_id>NULL</manager_id>
		<department_id>NULL</department_id>
	</ROW>

	<ROW>
		<employee_id>2</employee_id>
		<employee_name>Tyree Harper</employee_name>
		<address>234 Colorado Commons, Bartonsville PA 18360</address>
		<email>tyree.harper@gmail.com</email>
		<phone_number>570-334-5567</phone_number>
		<hire_date>2012-09-10</hire_date>
		<salary>NULL</salary>
		<manager_id>NULL</manager_id>
		<department_id>NULL</department_id>
	</ROW>

	<ROW>
		<employee_id>3</employee_id>
		<employee_name>Christerle Nounoute</employee_name>
		<address>345 Industrial Lane, Henryville PA 18332</address>
		<email>christerle.nounoute@gmail.com</email>
		<phone_number>570-555-3434</phone_number>
		<hire_date>2015-03-02</hire_date>
		<salary>NULL</salary>
		<manager_id>NULL</manager_id>
		<department_id>NULL</department_id>
	</ROW>

	<ROW>
		<employee_id>4</employee_id>
		<employee_name>Zachary Berghoff</employee_name>
		<address>456 North 5th St, Stroudsburg PA 18360</address>
		<email>zach.berghoff@gmail.com</email>
		<phone_number>570-900-8001</phone_number>
		<hire_date>2016-03-22</hire_date>
		<salary>NULL</salary>
		<manager_id>NULL</manager_id>
		<department_id>NULL</department_id>
	</ROW>

	<ROW>
		<employee_id>5</employee_id>
		<employee_name>Trey’Vyon Bates</employee_name>
		<address>567 South Main St, Phillipsburg NJ 08865</address>
		<email>trey.bates@gmail.com</email>
		<phone_number>570-992-1005</phone_number>
		<hire_date>2017-04-07</hire_date>
		<salary>NULL</salary>
		<manager_id>NULL</manager_id>
		<department_id>NULL</department_id>
	</ROW>

	<ROW>
		<employee_id>6</employee_id>
		<employee_name>Isaiah Vojnovski</employee_name>
		<address>678 Enderman Circle, Scranton PA 18510</address>
		<email>isaiah.vojnovski@gmail.com</email>
		<phone_number>570-224-2323</phone_number>
		<hire_date>2020-01-23</hire_date>
		<salary>NULL</salary>
		<manager_id>NULL</manager_id>
		<department_id>NULL</department_id>
	</ROW>

	<ROW>
		<employee_id>7</employee_id>
		<employee_name>Holly Micheals</employee_name>
		<address>N 3rd St, Easton PA 18042</address>
		<email>holly.micheals@gmail.com</email>
		<phone_number>570-838-9675</phone_number>
		<hire_date>2017-10-08</hire_date>
		<salary>NULL</salary>
		<manager_id>NULL</manager_id>
		<department_id>NULL</department_id>
	</ROW>

	<ROW>
		<employee_id>8</employee_id>
		<employee_name>Marinda Diaz</employee_name>
		<address>98 Tyrolean Way, Henryville PA 18332</address>
		<email>marinda.diaz@gmail.com</email>
		<phone_number>570-465-0983</phone_number>
		<hire_date>2018-02-27</hire_date>
		<salary>NULL</salary>
		<manager_id>NULL</manager_id>
		<department_id>NULL</department_id>
	</ROW>

	<ROW>
		<employee_id>9</employee_id>
		<employee_name>Micheal Rogers</employee_name>
		<address>1001 Millennial Drive, Stroudsburg PA 18360</address>
		<email>micheal.rogers@gmail.com</email>
		<phone_number>570-990-8796</phone_number>
		<hire_date>2017-06-26</hire_date>
		<salary>NULL</salary>
		<manager_id>NULL</manager_id>
		<department_id>NULL</department_id>
	</ROW>

	<ROW>
		<employee_id>10</employee_id>
		<employee_name>Meghan LeMar</employee_name>
		<address>444 Thee Stallion Way, Houston TX 77001</address>
		<email>meghan.lemar@gmail.com</email>
		<phone_number>570-758-1234</phone_number>
		<hire_date>2020-09-06</hire_date>
		<salary>NULL</salary>
		<manager_id>NULL</manager_id>
		<department_id>NULL</department_id>
	</ROW>

	<ROW>
		<employee_id>11</employee_id>
		<employee_name>Sarah Smiles</employee_name>
		<address>110 River Rd, Easton PA 18042</address>
		<email>sarah.smiles@gmail.com</email>
		<phone_number>570-956-2435</phone_number>
		<hire_date>2020-11-10</hire_date>
		<salary>NULL</salary>
		<manager_id>NULL</manager_id>
		<department_id>NULL</department_id>
	</ROW>

	<ROW>
		<employee_id>12</employee_id>
		<employee_name>Melissa Hendricks</employee_name>
		<address>1290 Gen Z Circle, Allentown PA 18001</address>
		<email>melissa.hendricks@gmail.com</email>
		<phone_number>570-213-2215</phone_number>
		<hire_date>2019-05-30</hire_date>
		<salary>NULL</salary>
		<manager_id>NULL</manager_id>
		<department_id>NULL</department_id>
	</ROW>

	<ROW>
		<employee_id>13</employee_id>
		<employee_name>Maria Pajana</employee_name>
		<address>18 Circle Rd, Stroudsburg PA 18360</address>
		<email>maria.pajana@gmail.com</email>
		<phone_number>570-807-9898</phone_number>
		<hire_date>2012-12-13</hire_date>
		<salary>NULL</salary>
		<manager_id>NULL</manager_id>
		<department_id>NULL</department_id>
	</ROW>

	<ROW>
		<employee_id>14</employee_id>
		<employee_name>Roger Hernandez</employee_name>
		<address>5 Hello St, Easton PA 18042</address>
		<email>roger.hernandez@gmail.com</email>
		<phone_number>570-857-9009</phone_number>
		<hire_date>2016-05-09</hire_date>
		<salary>NULL</salary>
		<manager_id>NULL</manager_id>
		<department_id>NULL</department_id>
	</ROW>

	<ROW>
		<employee_id>15</employee_id>
		<employee_name>Melanie Jones</employee_name>
		<address>1 Pennsylvania Rd, Henryville PA 18332</address>
		<email>melanie.jones@gmail.com</email>
		<phone_number>570-419-4564</phone_number>
		<hire_date>2015-11-12</hire_date>
		<salary>NULL</salary>
		<manager_id>NULL</manager_id>
		<department_id>NULL</department_id>
	</ROW>

	<ROW>
		<employee_id>16</employee_id>
		<employee_name>Anna Hampton</employee_name>
		<address>100 President St, Stroudsburg PA 18360</address>
		<email>anna.hampton@gmail.com</email>
		<phone_number>570-734-9821</phone_number>
		<hire_date>2014-02-07</hire_date>
		<salary>NULL</salary>
		<manager_id>NULL</manager_id>
		<department_id>NULL</department_id>
	</ROW>

	<ROW>
		<employee_id>17</employee_id>
		<employee_name>Kyler Kyles</employee_name>
		<address>102 President St, Stroudsburg PA 18360</address>
		<email>kyler.kyles@gmail.com</email>
		<phone_number>570-267-5698</phone_number>
		<hire_date>2018-12-02</hire_date>
		<salary>NULL</salary>
		<manager_id>NULL</manager_id>
		<department_id>NULL</department_id>
	</ROW>

	<ROW>
		<employee_id>18</employee_id>
		<employee_name>Joshua Turner</employee_name>
		<address>180 Bar St, Stroudsburg PA 18360</address>
		<email>josh.turner@gmail.com</email>
		<phone_number>938-758-9032</phone_number>
		<hire_date>2019-09-01</hire_date>
		<salary>NULL</salary>
		<manager_id>NULL</manager_id>
		<department_id>NULL</department_id>
	</ROW>

	<ROW>
		<employee_id>19</employee_id>
		<employee_name>Brian McCafrey</employee_name>
		<address>81 Panthers Ave, Henryville PA 18332</address>
		<email>brian.mccafrey@gmail.com</email>
		<phone_number>908-556-9965</phone_number>
		<hire_date>2021-05-04</hire_date>
		<salary>NULL</salary>
		<manager_id>NULL</manager_id>
		<department_id>NULL</department_id>
	</ROW>

	<ROW>
		<employee_id>20</employee_id>
		<employee_name>Kevin Martinez</employee_name>
		<address>S 2nd St, Easton PA 18042</address>
		<email>kevin.martinez@gmail.com</email>
		<phone_number>570-719-5619</phone_number>
		<hire_date>2016-08-10</hire_date>
		<salary>NULL</salary>
		<manager_id>NULL</manager_id>
		<department_id>NULL</department_id>
	</ROW>

	<ROW>
		<employee_id>21</employee_id>
		<employee_name>Riley Biles</employee_name>
		<address>8890 Main St, Stroudsburg PA 18360</address>
		<email>riley.biles@gmail.com</email>
		<phone_number>484-895-3346</phone_number>
		<hire_date>2015-10-09</hire_date>
		<salary>NULL</salary>
		<manager_id>NULL</manager_id>
		<department_id>NULL</department_id>
	</ROW>

	<ROW>
		<employee_id>22</employee_id>
		<employee_name>Simon Lee</employee_name>
		<address>21 Pawnee St, Allentown PA 18001</address>
		<email>simon.lee@gmail.com</email>
		<phone_number>570-919-5789</phone_number>
		<hire_date>2016-03-03</hire_date>
		<salary>NULL</salary>
		<manager_id>NULL</manager_id>
		<department_id>NULL</department_id>
	</ROW>

	<ROW>
		<employee_id>23</employee_id>
		<employee_name>Michaela Johnson</employee_name>
		<address>160 Fahgettaboutit St, Stroudsburg PA 18360</address>
		<email>michaela.johnson@gmail.com</email>
		<phone_number>918-539-3348</phone_number>
		<hire_date>2014-02-04</hire_date>
		<salary>NULL</salary>
		<manager_id>NULL</manager_id>
		<department_id>NULL</department_id>
	</ROW>

	<ROW>
		<employee_id>24</employee_id>
		<employee_name>Owen Smith</employee_name>
		<address>21 Pawnee St, Allentown PA 18001</address>
		<email>owen.smith@gmail.com</email>
		<phone_number>570-325-5699</phone_number>
		<hire_date>2015-06-01</hire_date>
		<salary>NULL</salary>
		<manager_id>NULL</manager_id>
		<department_id>NULL</department_id>
	</ROW>

	<ROW>
		<employee_id>25</employee_id>
		<employee_name>Dorian Williams</employee_name>
		<address>10 Green Forest St, Henryville PA 18332</address>
		<email>dorian.williams@gmail.com</email>
		<phone_number>570-234-9813</phone_number>
		<hire_date>2013-10-24</hire_date>
		<salary>NULL</salary>
		<manager_id>NULL</manager_id>
		<department_id>NULL</department_id>
	</ROW>
</DATA>
